source_id,name,category,publisher,state,url,description,care_team_notes,retrieved_at
forms:mnd-information-resources,MND Australia information resources library,mnd_resource_library,MND Australia,National,https://www.mndaustralia.org.au/mnd-connect/information-resources,"Central MND Australia library containing factsheets, guides, booklets, videos, communication tools, My Care Needs, bedside alert, wallet card and other practical downloadable resources.",Use this as the main MND-specific resource directory; cite the exact linked document and retrieval date when recommending a printable tool or guide.,2026-08-31
forms:mnd-my-care-needs,My Care Needs form,mnd_care_handover_form,MND Australia,National,https://www.mndaustralia.org.au/mnd-connect/living-with-mnd/planning-for-emergencies,"Interactive and printable MND care-needs form for recording personal care, communication, mobility, nutrition, breathing, equipment and preference information for hospital, emergency, home or provider handover.","Recommend completing with the person, carer, MND advisor and relevant clinicians; keep updated copies in the emergency bag, at home and with hospital/provider contacts.",2026-08-31
forms:mnd-bedside-wall-alert,MND Hospital Bedside Alert,hospital_bedside_alert_form,MND Australia,National,https://www.mndaustralia.org.au/mnd-connect/living-with-mnd/planning-for-emergencies,"Printable alert form intended to tell ward, respite or home-care staff about high-priority MND care needs at the bedside.","Pair with My Care Needs and local hospital admission notes; review after changes in breathing, swallowing, communication, transfers or equipment.",2026-08-31
forms:mnd-communication-tools,MND communication tools and boards,communication_template_tools,MND Australia,National,https://www.mndaustralia.org.au/mnd-connect/information-resources,"MND communication guides, partner-assisted scanning resources, communication boards, AAC planning guides, wallet card and phone wallpaper for when speech changes.",Suggest speech pathologist review and keep low-tech backup boards available even when high-tech AAC is used.,2026-08-31
forms:carer-gateway-emergency-care-plan,Carer Gateway emergency care plan,carer_emergency_plan_template,Carer Gateway,National,https://www.carergateway.gov.au/resource/emergency-care-plan,"Blank emergency care plan and carer emergency cards for recording emergency contacts, care needs, medical information, medicines and backup support arrangements.","Useful when the main carer becomes unavailable; keep copies with emergency contacts and update after medicine, provider or care-routine changes.",2026-08-31
forms:ndis-booklets-factsheets,NDIS booklets and factsheets,ndis_forms_booklets,NDIS,National,https://www.ndis.gov.au/publications/booklets-and-factsheets,"Current NDIS factsheets, participant booklets, Easy Read files, DOCX/PDF downloads and forms for applying, planning, using a plan, changing a plan and recording providers.",NDIS pages can change with legislation; use the retrieval date and link the exact PDF/DOCX source when answering.,2026-08-31
forms:ndis-access-request-supporting-evidence,NDIS access request and supporting evidence,ndis_application_forms,NDIS,National,https://www.ndis.gov.au/applying/application-process/what-access-request-form,NDIS access request information and supporting evidence form pathway for applying to the NDIS and documenting disability-related functional impact.,"For MND, evidence often needs diagnosis, functional impact and likely progressive support needs; refer clinical wording to treating health professionals.",2026-08-31
forms:healthdirect-service-finder,Healthdirect Service Finder,health_service_directory,Healthdirect Australia,National,https://www.healthdirect.gov.au/australian-health-services,"Australian health service directory for finding doctors, pharmacies, hospitals and other health services.","Use as a directory source, not as personalised referral advice; encourage users to confirm availability, accessibility and fees directly with services.",2026-08-31
forms:my-aged-care-assessment,My Aged Care assessment and referral pathways,aged_care_application_directory,My Aged Care,National,https://www.myagedcare.gov.au/apply-online,"Assessment application and referral information for older Australians needing home support, short-term care, residential care, end-of-life care or urgent support.","Use the age and urgent-care context carefully; for urgent services or existing assessed clients, cite the My Aged Care instructions rather than assuming the online form is correct.",2026-08-31
